,2Y_treasury
2018-01-01,
2018-01-08,1.96
2018-01-15,1.99
2018-01-22,2.08
2018-01-29,2.11
2018-02-05,2.08
2018-02-12,2.09
2018-02-19,2.21
2018-02-26,2.22
2018-03-05,2.24
2018-03-12,2.27
2018-03-19,2.31
2018-03-26,2.33
2018-04-02,2.25
2018-04-09,2.29
2018-04-16,2.39
2018-04-23,2.49
2018-04-30,2.49
2018-05-07,2.49
2018-05-14,2.55
2018-05-21,2.58
2018-05-28,2.48
2018-06-04,2.52
2018-06-11,2.52
2018-06-18,2.56
2018-06-25,2.54
2018-07-02,2.57
2018-07-09,2.57
2018-07-16,2.59
2018-07-23,2.64
2018-07-30,2.66
2018-08-06,2.64
2018-08-13,2.61
2018-08-20,2.6
2018-08-27,2.67
2018-09-03,2.62
2018-09-10,2.73
2018-09-17,2.78
2018-09-24,2.83
2018-10-01,2.82
2018-10-08,2.88
2018-10-15,2.85
2018-10-22,2.92
2018-10-29,2.81
2018-11-05,2.91
2018-11-12,2.94
2018-11-19,2.79
2018-11-26,2.84
2018-12-03,2.83
2018-12-10,2.72
2018-12-17,2.7
2018-12-24,2.55
2018-12-31,2.48
2019-01-07,2.53
2019-01-14,2.53
2019-01-21,2.62
2019-01-28,2.6
2019-02-04,2.53
2019-02-11,2.48
2019-02-18,2.52
2019-02-25,2.51
2019-03-04,2.55
2019-03-11,2.47
2019-03-18,2.45
2019-03-25,2.26
2019-04-01,2.33
2019-04-08,2.36
2019-04-15,2.4
2019-04-22,2.38
2019-04-29,2.3
2019-05-06,2.31
2019-05-13,2.18
2019-05-20,2.21
2019-05-27,2.16
2019-06-03,1.82
2019-06-10,1.9
2019-06-17,1.86
2019-06-24,1.72
2019-07-01,1.78
2019-07-08,1.88
2019-07-15,1.83
2019-07-22,1.8
2019-07-29,1.85
2019-08-05,1.59
2019-08-12,1.58
2019-08-19,1.53
2019-08-26,1.54
2019-09-02,1.5
2019-09-09,1.58
2019-09-16,1.74
2019-09-23,1.68
2019-09-30,1.63
2019-10-07,1.46
2019-10-14,1.63
2019-10-21,1.62
2019-10-28,1.64
2019-11-04,1.6
2019-11-11,1.68
2019-11-18,1.6
2019-11-25,1.61
2019-12-02,1.61
2019-12-09,1.63
2019-12-16,1.65
2019-12-23,1.64
2019-12-30,1.58
2020-01-06,1.54
2020-01-13,1.58
2020-01-20,1.58
2020-01-27,1.44
2020-02-03,1.36
2020-02-10,1.37
2020-02-17,1.42
2020-02-24,1.26
2020-03-02,0.84
2020-03-09,0.38
2020-03-16,0.36
2020-03-23,0.28
2020-03-30,0.23
2020-04-06,0.27
2020-04-13,0.25
2020-04-20,0.2
2020-04-27,0.24
2020-05-04,0.19
2020-05-11,0.17
2020-05-18,0.18
2020-05-25,0.17
2020-06-01,0.14
2020-06-08,0.22
2020-06-15,0.19
2020-06-22,0.19
2020-06-29,0.16
2020-07-06,0.16
2020-07-13,0.16
2020-07-20,0.16
2020-07-27,0.15
2020-08-03,0.11
2020-08-10,0.14
2020-08-17,0.14
2020-08-24,0.14
2020-08-31,0.14
2020-09-07,0.14
2020-09-14,0.14
2020-09-21,0.14
2020-09-28,0.14
2020-10-05,0.14
2020-10-12,0.16
2020-10-19,0.16
2020-10-26,0.16
2020-11-02,0.16
2020-11-09,0.17
2020-11-16,0.19
2020-11-23,0.16
2020-11-30,0.16
2020-12-07,0.14
2020-12-14,0.13
2020-12-21,0.13
2020-12-28,0.13
2021-01-04,0.11
2021-01-11,0.14
2021-01-18,0.13
2021-01-25,0.13
2021-02-01,0.11
2021-02-08,0.11
2021-02-15,0.11
2021-02-22,0.11
2021-03-01,0.13
2021-03-08,0.17
2021-03-15,0.14
2021-03-22,0.15
2021-03-29,0.14
2021-04-05,0.17
2021-04-12,0.18
2021-04-19,0.16
2021-04-26,0.18
2021-05-03,0.16
2021-05-10,0.16
2021-05-17,0.16
2021-05-24,0.15
2021-05-31,0.14
2021-06-07,0.16
2021-06-14,0.16
2021-06-21,0.27
2021-06-28,0.25
2021-07-05,0.24
2021-07-12,0.23
2021-07-19,0.21
2021-07-26,0.22
2021-08-02,0.17
2021-08-09,0.23
2021-08-16,0.21
2021-08-23,0.23
2021-08-30,0.2
2021-09-06,0.21
2021-09-13,0.21
2021-09-20,0.23
2021-09-27,0.31
2021-10-04,0.27
2021-10-11,0.32
2021-10-18,0.44
2021-10-25,0.47
2021-11-01,0.5
2021-11-08,0.45
2021-11-15,0.53
2021-11-22,0.63
2021-11-29,0.51
2021-12-06,0.65
2021-12-13,0.66
2021-12-20,0.65
2021-12-27,0.76
2022-01-03,0.78
2022-01-10,0.92
2022-01-17,0.99
2022-01-24,0.99
2022-01-31,1.18
2022-02-07,1.3
2022-02-14,1.58
2022-02-21,1.47
2022-02-28,1.44
2022-03-07,1.55
2022-03-14,1.87
2022-03-21,2.14
2022-03-28,2.35
2022-04-04,2.43
2022-04-11,2.5
2022-04-18,2.46
2022-04-25,2.63
2022-05-02,2.73
2022-05-09,2.61
2022-05-16,2.58
2022-05-23,2.65
2022-05-30,2.47
2022-06-06,2.73
2022-06-13,3.4
2022-06-20,3.17
2022-06-27,3.08
2022-07-04,2.84
2022-07-11,3.07
2022-07-18,3.15
2022-07-25,3.0
2022-08-01,2.9
2022-08-08,3.21
2022-08-15,3.2
2022-08-22,3.32
2022-08-29,3.42
2022-09-05,3.4
2022-09-12,3.58
2022-09-19,3.95
2022-09-26,4.27
2022-10-03,4.12
2022-10-10,4.3
2022-10-17,4.45
2022-10-24,4.5
2022-10-31,4.51
2022-11-07,4.72
2022-11-14,4.4
2022-11-21,4.48
2022-11-28,4.46
2022-12-05,4.41
2022-12-12,4.39
2022-12-19,4.25
2022-12-26,4.31
2023-01-02,4.41
2023-01-09,4.19
2023-01-16,4.22
2023-01-23,4.21
2023-01-30,4.25
2023-02-06,4.44
2023-02-13,4.52
2023-02-20,4.6
2023-02-27,4.78
2023-03-06,4.89
2023-03-13,4.03
2023-03-20,3.92
2023-03-27,3.94
2023-04-03,3.97
2023-04-10,4.0
2023-04-17,4.18
2023-04-24,4.12
2023-05-01,4.14
2023-05-08,4.0
2023-05-15,3.99
2023-05-22,4.29
2023-05-29,4.54
2023-06-05,4.46
2023-06-12,4.55
2023-06-19,4.7
2023-06-26,4.65
2023-07-03,4.94
2023-07-10,4.85
2023-07-17,4.74
2023-07-24,4.81
2023-07-31,4.88
2023-08-07,4.76
2023-08-14,4.96
2023-08-21,4.97
2023-08-28,4.98
2023-09-04,4.87
2023-09-11,4.97
2023-09-18,5.05
2023-09-25,5.09
2023-10-02,5.12
2023-10-09,5.08
2023-10-16,5.09
2023-10-23,5.05
2023-10-30,5.03
2023-11-06,4.93
2023-11-13,5.02
2023-11-20,4.89
2023-11-27,4.84
2023-12-04,4.64
2023-12-11,4.71
2023-12-18,4.43
2023-12-25,4.31
2024-01-01,4.23
2024-01-08,4.36
2024-01-15,4.14
2024-01-22,4.37
2024-01-29,4.29
2024-02-05,4.46
2024-02-12,4.46
2024-02-19,4.64
2024-02-26,4.69
2024-03-04,4.61
2024-03-11,4.51
2024-03-18,4.73
2024-03-25,4.54
2024-04-01,4.72
2024-04-08,4.78
2024-04-15,4.93
2024-04-22,4.97
2024-04-29,4.97
2024-05-06,4.82
2024-05-13,4.85
2024-05-20,4.82
2024-05-27,4.93
2024-06-03,4.82
2024-06-10,4.87
2024-06-17,4.75
2024-06-24,4.71
2024-07-01,4.77
2024-07-08,4.62
2024-07-15,4.44
2024-07-22,4.5
2024-07-29,4.36
2024-08-05,3.89
2024-08-12,4.01
2024-08-19,4.06
2024-08-26,3.91
2024-09-02,3.91
2024-09-09,3.68
2024-09-16,3.56
2024-09-23,3.57
2024-09-30,3.66
2024-10-07,3.99
2024-10-14,3.95
2024-10-21,4.02
2024-10-28,4.12
2024-11-04,4.17
2024-11-11,4.26
2024-11-18,4.29
2024-11-25,4.21
2024-12-02,4.17
2024-12-09,4.13
2024-12-16,4.25
2024-12-23,4.3
2024-12-30,4.24
2025-01-06,4.28
2025-01-13,4.4
2025-01-20,4.27
2025-01-27,4.17
2025-02-03,4.26
2025-02-10,4.28
2025-02-17,4.26
2025-02-24,4.13
2025-03-03,3.96
2025-03-10,3.89
2025-03-17,4.06
2025-03-24,4.04
2025-03-31,3.89
2025-04-07,3.73
2025-04-14,3.84
2025-04-21,3.75
2025-04-28,3.67
2025-05-05,3.83
2025-05-12,3.98
2025-05-19,3.97
2025-05-26,4.0
2025-06-02,3.94
2025-06-09,4.01
2025-06-16,3.97
2025-06-23,3.84
2025-06-30,3.72
2025-07-07,3.9
2025-07-14,3.9
2025-07-21,3.85
2025-07-28,3.91
2025-08-04,3.69
2025-08-11,3.76
2025-08-18,3.77
2025-08-25,3.73
2025-09-01,3.59
2025-09-08,3.49
2025-09-15,3.54
2025-09-22,3.61
2025-09-29,3.63
2025-10-06,3.6
2025-10-13,3.52
2025-10-20,3.46
2025-10-27,3.48
2025-11-03,3.6
2025-11-10,3.58
2025-11-17,3.6
2025-11-24,3.46
2025-12-01,3.54
2025-12-08,3.57
2025-12-15,3.61
