Date,Open_SBUX,High_SBUX,Low_SBUX,Close_SBUX,Volume_SBUX,hl_range,vol_norm,price_impact,volatility
2018-01-05,57.95000076293945,59.689998626708984,57.47999954223633,59.61000061035156,26518000,2.2099990844726562,,6.259898361158871e-08,
2018-01-12,59.47999954223633,60.5099983215332,58.560001373291016,60.400001525878906,33021100,1.9499969482421875,0.2452334263519118,2.786103381300375e-08,
2018-01-19,60.33000183105469,61.459999084472656,60.29999923706055,61.2599983215332,34007300,1.1599998474121094,0.02986575250370227,2.734696640069972e-08,
2018-01-26,61.040000915527344,61.939998626708984,56.54999923706055,57.9900016784668,102741800,5.3899993896484375,2.0211689843063105,-2.968605997812523e-08,
2018-02-02,57.54999923706055,58.349998474121094,55.70000076293945,55.77000045776367,76408500,2.6499977111816406,-0.25630561271069807,-2.329582152897747e-08,0.034946513677155934
2018-02-09,55.529998779296875,56.2599983215332,53.560001373291016,54.58000183105469,84520800,2.6999969482421875,0.10617012505153212,-1.1239800714642875e-08,0.029065839298275224
2018-02-16,54.86000061035156,57.04999923706055,54.54999923706055,56.47999954223633,56021900,2.5,-0.33718209008906685,2.8917243647301604e-08,0.038529843482795076
2018-02-23,56.290000915527344,56.7400016784668,54.79999923706055,56.13999938964844,38868700,1.94000244140625,-0.30618740171254455,-3.859185562648255e-09,0.03125860540450873
2018-03-02,56.41999816894531,57.91999816894531,55.68000030517578,56.93000030517578,51759000,2.2399978637695312,0.331637024135101,9.85340010878241e-09,0.02439628073672939
2018-03-09,56.83000183105469,58.630001068115234,56.540000915527344,58.459999084472656,39900600,2.0900001525878906,-0.22910798122065723,4.0851447181695734e-08,0.017818419088355422
2018-03-16,58.66999816894531,60.70000076293945,58.47999954223633,59.0,47858100,2.220001220703125,0.19943309123171082,6.8954227404491086e-09,0.013592047331048355
2018-03-23,58.70000076293945,59.54999923706055,56.310001373291016,56.310001373291016,38131400,3.2399978637695312,-0.2032404128036842,-6.267798689920741e-08,0.03203688170636023
2018-03-30,56.959999084472656,58.5,56.54999923706055,57.88999938964844,37324900,1.9500007629394531,-0.02115054784246051,2.4916350885756728e-08,0.034580112134927087
2018-04-06,57.52000045776367,59.27000045776367,55.380001068115234,58.34000015258789,50149200,3.8899993896484375,0.34358564925826984,1.635120190998498e-08,0.031684505302869044
2018-04-13,58.540000915527344,60.119998931884766,58.41999816894531,59.2400016784668,32854800,1.7000007629394531,-0.3448589409202938,2.1305890248592385e-08,0.032436757417031045
2018-04-20,59.130001068115234,60.0,57.79999923706055,58.0,36490700,2.200000762939453,0.1106657170337364,-3.096682354997943e-08,0.020767931848357287
2018-04-27,58.0099983215332,60.18000030517578,57.290000915527344,58.36000061035156,51097200,2.8899993896484375,0.400280071360648,6.849735187414562e-09,0.01588628556252959
2018-05-04,58.38999938964844,58.5099983215332,55.540000915527344,57.68000030517578,38842800,2.9699974060058594,-0.23982527418332122,-1.827878228327145e-08,0.01653727362144695
2018-05-11,58.9900016784668,59.040000915527344,56.790000915527344,57.27000045776367,37289100,2.25,-0.03999969106243628,-4.612611247531115e-08,0.011293779139849388
2018-05-18,57.36000061035156,57.5099983215332,56.349998474121094,57.15999984741211,32027600,1.1599998474121094,-0.14110021427173092,-6.244637841719427e-09,0.007662313523575069
2018-05-25,57.400001525878906,58.380001068115234,56.7599983215332,57.91999816894531,28540200,1.6200027465820312,-0.10888733467384382,1.8219796745166685e-08,0.010849422052236705
2018-06-01,57.70000076293945,57.880001068115234,56.54999923706055,56.90999984741211,26639000,1.3300018310546875,-0.06661480998731617,-2.9655802227085994e-08,0.012802459016436118
2018-06-08,57.099998474121094,57.939998626708984,55.279998779296875,56.599998474121094,55826000,2.6599998474121094,1.0956492360824357,-8.956400243614087e-09,0.012663638327832882
2018-06-15,56.61000061035156,57.209999084472656,56.18000030517578,57.11000061035156,47172600,1.029998779296875,-0.15500662773618024,1.0599373365046659e-08,0.014043275744194783
2018-06-22,56.77000045776367,57.5,50.36000061035156,51.2400016784668,136886100,7.1399993896484375,1.901813764770227,-4.0398541409952325e-08,0.050256702129566726
2018-06-29,51.15999984741211,51.439998626708984,47.369998931884766,48.849998474121094,93709200,4.069999694824219,-0.31542209179748715,-2.4650742651639494e-08,0.05010640268704967
2018-07-06,48.63999938964844,49.29999923706055,48.400001525878906,48.97999954223633,37730900,0.8999977111816406,-0.5973618385387988,9.01118586060472e-09,0.051911120832149646
2018-07-13,49.209999084472656,51.650001525878906,49.209999084472656,51.619998931884766,62449700,2.44000244140625,0.6551341208399482,3.859105564017296e-08,0.06707298427478393
2018-07-20,51.54999923706055,51.619998931884766,50.599998474121094,50.90999984741211,64385400,1.0200004577636719,0.030996145698057864,-9.940132229487392e-09,0.041925895542694776
2018-07-27,50.7599983215332,52.599998474121094,50.209999084472656,52.150001525878906,56581400,2.3899993896484375,-0.12120760296588984,2.4566433569082827e-08,0.02925150923988982
2018-08-03,52.20000076293945,52.849998474121094,51.25,52.22999954223633,57511500,1.5999984741210938,0.016438264164548855,5.216135780995975e-10,0.029437843774906616
2018-08-10,52.099998474121094,52.27000045776367,51.20000076293945,51.5099983215332,37347100,1.0699996948242188,-0.3506150943724299,-1.5797750095399392e-08,0.018019786408570892
2018-08-17,51.619998931884766,53.61000061035156,51.470001220703125,53.560001373291016,43750800,2.1399993896484375,0.171464451055102,4.4342102119418385e-08,0.02377695584936978
2018-08-24,53.709999084472656,54.439998626708984,52.41999816894531,52.75,46568200,2.020000457763672,0.06439653674904222,-2.0614906405501098e-08,0.0256021095903052
2018-08-31,52.9900016784668,53.709999084472656,52.45000076293945,53.45000076293945,36689200,1.2599983215332031,-0.2121404735420308,1.2537724574879155e-08,0.026030817267216615
2018-09-07,53.439998626708984,54.959999084472656,53.209999084472656,54.86000061035156,34236600,1.75,-0.06684800976854222,4.1476139092158047e-08,0.023453321253133125
2018-09-14,54.939998626708984,55.56999969482422,54.33000183105469,54.75,39186500,1.2399978637695312,0.144579193027345,-4.848573531930241e-09,0.018054715439487067
2018-09-21,54.70000076293945,57.56999969482422,54.099998474121094,57.45000076293945,60681500,3.470001220703125,0.5485307440062266,4.531858968548899e-08,0.02173692376423232
2018-09-28,56.939998626708984,57.84000015258789,56.58000183105469,56.84000015258789,43400900,1.2599983215332031,-0.2847754257887495,-2.3040645267976874e-09,0.027386847494221753
2018-10-05,56.90999984741211,56.95000076293945,55.290000915527344,55.7599983215332,52247200,1.6599998474121094,0.20382757039600552,-2.201077810636563e-08,0.030721984418368733
2018-10-12,55.81999969482422,59.70000076293945,54.709999084472656,56.45000076293945,77967500,4.990001678466797,0.4922809260591956,8.08030356385974e-09,0.0305599873391657
2018-10-19,56.369998931884766,59.529998779296875,56.310001373291016,58.65999984741211,58902700,3.2199974060058594,-0.24452239715265978,3.887769008088498e-08,0.026074451942683943
2018-10-26,58.93000030517578,59.470001220703125,57.38999938964844,58.06999969482422,56641300,2.0800018310546875,-0.038392128034877904,-1.5183278108933986e-08,0.025960492238623747
2018-11-02,58.68000030517578,65.68000030517578,57.689998626708984,64.31999969482422,104548700,7.990001678466797,0.8458033272541414,5.3946145572813795e-08,0.05103464509531935
2018-11-09,63.93000030517578,68.9800033569336,63.81999969482422,68.5999984741211,78491900,5.160003662109375,-0.24923121951779414,5.9496561669997955e-08,0.049385368533111956
2018-11-16,68.44000244140625,68.94000244140625,66.36000061035156,68.16000366210938,67311500,2.5800018310546875,-0.14244017535567366,-4.159746541034964e-09,0.05755248194266141
2018-11-23,68.0999984741211,68.47000122070312,65.26000213623047,65.69999694824219,40822200,3.2099990844726562,-0.3935330515587976,-5.879157727606318e-08,0.06588276183820228
2018-11-30,65.9800033569336,67.37999725341797,65.20999908447266,66.72000122070312,76017900,2.1699981689453125,0.8621705836530122,9.73452126103893e-09,0.04328727471281799
2018-12-07,67.37000274658203,68.1500015258789,65.19999694824219,65.47000122070312,55669100,2.9500045776367188,-0.2676843217189636,-3.413027201587427e-08,0.02170485937791119
2018-12-14,65.47000122070312,67.22000122070312,63.58000183105469,65.33999633789062,61017400,3.6399993896484375,0.09607304590877175,-2.130619836513847e-09,0.02215418499813418
2018-12-21,65.0,65.9000015258789,61.380001068115234,61.38999938964844,83846200,4.520000457763672,0.3741359022180559,-4.3055029450965724e-08,0.03252232400631083
2018-12-28,61.47999954223633,64.12000274658203,60.41999816894531,63.38999938964844,41989500,3.7000045776367188,-0.4992080738304181,4.548755873282867e-08,0.03864582519463657
2019-01-04,63.77000045776367,64.61000061035156,61.400001525878906,63.56999969482422,44868300,3.2099990844726562,0.06855999714214267,-4.457507035912952e-09,0.03892473839056883
2019-01-11,63.349998474121094,64.38999938964844,61.66999816894531,63.72999954223633,58430900,2.720001220703125,0.302275771535806,6.5034265793481596e-09,0.03917295309920698
2019-01-18,63.349998474121094,64.81999969482422,62.97999954223633,64.69999694824219,42553600,1.8400001525878906,-0.2717278015570529,3.1724659585113686e-08,0.014154474790729876
2019-01-25,64.9000015258789,67.69000244140625,62.93000030517578,67.08999633789062,80392300,4.760002136230469,0.8892009136712287,2.7241350378229243e-08,0.016161285956273024
2019-02-01,66.19000244140625,69.48999786376953,65.91000366210938,68.11000061035156,68486100,3.5799942016601562,-0.14810124850265516,2.8034859175005038e-08,0.014292914926449855
2019-02-08,68.02999877929688,69.81999969482422,67.08000183105469,69.75,55598600,2.7399978637695312,-0.18817687092709323,3.093605271900956e-08,0.010274699740595567
2019-02-15,70.0,71.54000091552734,69.70999908447266,70.70999908447266,51708300,1.8300018310546875,-0.06997118632483557,1.3730853353768279e-08,0.010654636245455524
2019-02-22,70.45999908447266,71.38999938964844,69.77999877929688,71.30000305175781,41125300,1.6100006103515625,-0.20466733580489016,2.0425479383376078e-08,0.006527192006503254
2019-03-01,71.9000015258789,72.06999969482422,69.77999877929688,70.8499984741211,64672700,2.2900009155273438,0.5725769781618615,-1.623564582517527e-08,0.012664567439028888
2019-03-08,70.98999786376953,72.18000030517578,69.02999877929688,69.36000061035156,47560500,3.1500015258789062,-0.2645969628606816,-3.427207984394547e-08,0.01564515869982199
2019-03-15,69.37999725341797,71.20999908447266,69.13999938964844,70.66999816894531,60414700,2.0699996948242188,0.2702704975767707,2.1352434350039705e-08,0.017401567422442924
2019-03-22,70.77999877929688,72.44000244140625,70.44000244140625,71.95999908447266,39072700,2.0,-0.35325839572157103,3.0200121956654675e-08,0.019562061883258118
2019-03-29,72.0,74.4800033569336,71.7300033569336,74.33999633789062,37549600,2.75,-0.03898118123395622,6.231747709404694e-08,0.023247227298440084
2019-04-05,74.76000213623047,75.08000183105469,73.7300033569336,75.02999877929688,31180900,1.3499984741210938,-0.1696076655943073,8.659039446148323e-09,0.009832477579389353
2019-04-12,74.47000122070312,76.94999694824219,74.47000122070312,76.6500015258789,27349900,2.4799957275390625,-0.12286367616072658,7.970779802397016e-08,0.009834953304077361
2019-04-19,76.66999816894531,76.69999694824219,74.80000305175781,76.05999755859375,32015600,1.899993896484375,0.1705929454952304,-1.9053230623557345e-08,0.01745914813099613
2019-04-26,75.70999908447266,77.5199966430664,75.05999755859375,77.44999694824219,43139300,2.4599990844726562,0.3474462449555842,4.0334401897331e-08,0.013115178673022972
2019-05-03,77.30000305175781,78.4000015258789,76.58999633789062,78.05000305175781,30704600,1.8100051879882812,-0.2882452890983396,2.4426307458817245e-08,0.013179632959853678
2019-05-10,77.19999694824219,78.80000305175781,77.0199966430664,78.41999816894531,35298400,1.7800064086914062,0.149612761605753,3.456250766899137e-08,0.01068822801832666
2019-05-17,77.25,79.6500015258789,76.08000183105469,78.91000366210938,36386600,3.5699996948242188,0.03082859279740724,4.5621290862827936e-08,0.006138813781916715
2019-05-24,78.30000305175781,78.41999816894531,75.69000244140625,76.1500015258789,37726600,2.7299957275390625,0.036826743911219983,-5.698900844176009e-08,0.02064746798671074
2019-05-31,76.36000061035156,76.68000030517578,74.33000183105469,76.05999755859375,41520900,2.3499984741210938,0.1005736005895046,-7.2253504080550395e-09,0.01938983705187551
2019-06-07,76.12000274658203,83.33000183105469,75.6500015258789,82.4800033569336,48980300,7.680000305175781,0.17965410191012232,1.298481350737248e-07,0.050483929177710045
2019-06-14,82.8499984741211,84.61000061035156,81.37999725341797,84.23999786376953,36801300,3.2300033569335938,-0.24865098825446152,3.777038826477427e-08,0.05031255825524177
2019-06-21,84.6500015258789,84.83000183105469,82.08000183105469,83.81999969482422,43123500,2.75,0.1717928442745229,-1.9247088734789324e-08,0.041340886827877454
2019-06-28,84.08000183105469,85.19999694824219,83.18000030517578,83.83000183105469,34400700,2.0199966430664062,-0.2022748617343212,-7.267293979482975e-09,0.04107153283430209
2019-07-05,84.62000274658203,87.88999938964844,84.02999877929688,87.79000091552734,27692600,3.8600006103515625,-0.19499893897507903,1.1447094779635399e-07,0.02378315411467183
2019-07-12,87.5999984741211,89.81999969482422,86.88999938964844,89.7699966430664,28827300,2.9300003051757812,0.040974845265522086,7.527580345524251e-08,0.02388287349085324
2019-07-19,89.87000274658203,91.61000061035156,89.58999633789062,90.30000305175781,33564100,2.0200042724609375,0.16431646390747656,1.2811316411754858e-08,0.021118825510310676
2019-07-26,90.5199966430664,99.72000122070312,89.16999816894531,99.11000061035156,47586700,10.550003051757812,0.41778566980791987,1.8051270559389822e-07,0.039953793792460814
2019-08-02,98.05000305175781,98.94000244140625,93.5,95.51000213623047,43068900,5.44000244140625,-0.09493829158147127,-5.897529111556933e-08,0.055887186440184575
2019-08-09,94.51000213623047,96.83999633789062,93.02999877929688,96.30000305175781,35402200,3.80999755859375,-0.17801011867031669,5.056185535156978e-08,0.056330664813480466
2019-08-16,95.77999877929688,97.0199966430664,94.20999908447266,96.5199966430664,34830500,2.80999755859375,-0.01614871392173367,2.124568592955976e-08,0.05663627845157149
2019-08-23,97.2300033569336,97.41000366210938,94.38999938964844,94.69999694824219,30097300,3.0200042724609375,-0.1358923931611662,-8.40609094068706e-08,0.020418567346427628
2019-08-30,95.37999725341797,98.13999938964844,95.0,96.55999755859375,27015000,3.1399993896484375,-0.10241117974037539,4.367944864615144e-08,0.016153495526242574
2019-09-06,96.41999816894531,97.20999908447266,93.02999877929688,95.73999786376953,27593900,4.180000305175781,0.021428835831945214,-2.4643138707315066e-08,0.016444929525727375
2019-09-13,95.80000305175781,95.93000030517578,89.30000305175781,90.4800033569336,41255300,6.629997253417969,0.4950876824225645,-1.2895312104927656e-07,0.030825874187041448
2019-09-20,90.0199966430664,92.0999984741211,89.37999725341797,90.06999969482422,33100500,2.720001220703125,-0.19766672403303331,1.5106433968614523e-09,0.03116134779488579
2019-09-27,90.31999969482422,91.7699966430664,87.79000091552734,88.37000274658203,25973100,3.9799957275390625,-0.21532605247654868,-7.507755902230336e-08,0.02296459156211533
2019-10-04,88.41000366210938,88.88999938964844,83.61000061035156,85.91999816894531,35023900,5.279998779296875,0.3484682228921461,-7.109446672598033e-08,0.021222048451302603
2019-10-11,85.70999908447266,87.25,84.69000244140625,86.36000061035156,24507500,2.55999755859375,-0.3002635343294151,2.6522555376064724e-08,0.014633640807430298
2019-10-18,86.5,87.68000030517578,85.5199966430664,86.02999877929688,22265400,2.160003662109375,-0.09148627971029277,-2.110904006679085e-08,0.014750252564303488
2019-10-25,86.0,86.23999786376953,82.12999725341797,83.37999725341797,27591300,4.1100006103515625,0.2392007329758279,-9.495756802260246e-08,0.017697015912544245
2019-11-01,84.47000122070312,87.22000122070312,82.61000061035156,83.20999908447266,45751100,4.6100006103515625,0.658171235135713,-2.754036812733396e-08,0.015759598218893688
2019-11-08,83.30000305175781,83.44000244140625,81.02999877929688,81.7699966430664,35967100,2.410003662109375,-0.21385278168175192,-4.25390539879892e-08,0.013402998184237437
2019-11-15,81.75,84.94000244140625,81.37000274658203,84.20999908447266,34605600,3.5699996948242188,-0.03785403882993066,7.108673406826225e-08,0.026075490113888187
2019-11-22,83.91999816894531,84.48999786376953,81.76000213623047,83.0199966430664,33070200,2.7299957275390625,-0.04436854150773284,-2.7214880039398196e-08,0.021528645046353368
2019-11-29,83.16000366210938,86.7300033569336,82.93000030517578,85.43000030517578,24461300,3.8000030517578125,-0.2603219817237271,9.279950955453743e-08,0.026103392661886726
2019-12-06,85.37999725341797,86.52999877929688,83.81999969482422,86.31999969482422,32086500,2.7099990844726562,0.3117250514077339,2.9295885852500273e-08,0.02066239677159786
2019-12-13,86.30999755859375,88.88999938964844,85.8499984741211,88.66999816894531,37027600,3.0400009155273438,0.15399311236812996,6.373625647764268e-08,0.02001641274992619
2019-12-20,89.13999938964844,89.30000305175781,87.47000122070312,88.45999908447266,40155300,1.8300018310546875,0.08446942280893177,-1.6934260363533112e-08,0.014880371761755367
2019-12-27,88.62000274658203,88.8499984741211,87.69000244140625,88.12999725341797,14504500,1.1599960327148438,-0.6387898982201603,-3.3782997908515464e-08,0.014381394595145522
2020-01-03,88.01000213623047,89.3499984741211,87.05999755859375,88.83000183105469,20119100,2.2900009155273438,0.38709366058809325,4.0757275167587954e-08,0.014289087501160752
2020-01-10,88.11000061035156,91.16000366210938,87.12999725341797,90.16000366210938,35762200,4.030006408691406,0.7775248395802994,5.7323180670031835e-08,0.008871122073548957
2020-01-17,90.62000274658203,93.75,90.20999908447266,93.62000274658203,31526100,3.5400009155273438,-0.11845188495114956,9.515924900320687e-08,0.017753837603250448
2020-01-24,92.83000183105469,94.12999725341797,90.73999786376953,92.02999877929688,27168100,3.3899993896484375,-0.1382346690519919,-2.9446411481031523e-08,0.022786259601490798
2020-01-31,88.62999725341797,89.44999694824219,84.5199966430664,84.83000183105469,64586400,4.930000305175781,1.3772880694638197,-5.8835845044208706e-08,0.05055635817877502
2020-02-07,85.06999969482422,89.19999694824219,85.06999969482422,86.41999816894531,46045700,4.129997253417969,-0.287068175343416,2.931866545890482e-08,0.05121966899375352
2020-02-14,86.43000030517578,90.51000213623047,86.16999816894531,89.27999877929688,34399100,4.340003967285156,-0.2529356704317667,8.285096046469512e-08,0.04961606108139475
2020-02-21,89.37000274658203,90.44000244140625,87.0,87.36000061035156,22269300,3.44000244140625,-0.35261969063144094,-9.025888268739785e-08,0.04985347426754744
2020-02-28,84.52999877929688,86.05000305175781,75.72000122070312,78.43000030517578,64488500,10.330001831054688,1.895847646760338,-9.459048472395998e-08,0.060734667878025436
2020-03-06,77.91999816894531,82.62000274658203,72.05000305175781,75.33999633789062,68279600,10.569999694824219,0.05878722562937577,-3.778583692720355e-08,0.05577347771017207
2020-03-13,70.58000183105469,74.94999694824219,61.459999084472656,69.91999816894531,95900100,13.489997863769531,0.4045205302901598,-6.882199936281349e-09,0.035708749689096625
2020-03-20,60.630001068115234,65.68000030517578,50.02000045776367,58.029998779296875,130758100,15.65999984741211,0.363482415555354,-1.988406292855555e-08,0.05569230781663968
2020-03-27,57.22999954223633,71.58000183105469,54.0,66.33999633789062,116117200,17.580001831054688,-0.11196935409737518,7.845518834121299e-08,0.13086620866357945
2020-04-03,66.55999755859375,68.69999694824219,60.900001525878906,63.04999923706055,80041400,7.799995422363281,-0.3106843775082416,-4.3852285461438744e-08,0.13109125912800504
2020-04-10,66.2699966430664,74.26000213623047,64.41000366210938,73.87999725341797,61975900,9.849998474121094,-0.22570194924126763,1.227896748631575e-07,0.16239493974288885
2020-04-17,73.5199966430664,77.38999938964844,70.3499984741211,77.0999984741211,58961500,7.040000915527344,-0.04863826100145374,6.07176179550162e-08,0.10083961870080904
2020-04-24,76.0199966430664,78.05999755859375,71.73999786376953,75.58000183105469,55346900,6.319999694824219,-0.06130441050516011,-7.949764341123328e-09,0.0981831776495324
2020-05-01,76.68000030517578,79.61000061035156,73.20999908447266,73.79000091552734,72038100,6.400001525878906,0.30157425257783177,-4.011765148787152e-08,0.09121669999757112
2020-05-08,72.58000183105469,77.93000030517578,71.26000213623047,77.87000274658203,63916400,6.6699981689453125,-0.11274172972357688,8.27643752703116e-08,0.04138000943072186
2020-05-15,76.62000274658203,77.18000030517578,70.6500015258789,74.16000366210938,50508500,6.529998779296875,-0.2097724527664262,-4.870465534459856e-08,0.0445615044548089
2020-05-22,76.86000061035156,79.37999725341797,75.76000213623047,77.62000274658203,41144500,3.6199951171875,-0.1853945375530851,1.8471536565773522e-08,0.05108941354007535
2020-05-29,79.5999984741211,80.05999755859375,77.26000213623047,77.98999786376953,35042500,2.7999954223632812,-0.1483065780359465,-4.594422801887886e-08,0.04709655258684721
2020-06-05,77.66000366210938,82.33000183105469,76.7699966430664,82.13999938964844,47098100,5.560005187988281,0.34402796604123553,9.51205192468287e-08,0.046507748457636035
2020-06-12,83.08000183105469,83.62000274658203,72.1500015258789,76.37999725341797,82865200,11.470001220703125,0.7594170465475252,-8.08542618329132e-08,0.056717628017659776
2020-06-19,74.30000305175781,78.94000244140625,74.08000183105469,75.4000015258789,53466100,4.8600006103515625,-0.3547822246250537,2.0573755596931396e-08,0.05092580237953051
2020-06-26,74.9000015258789,76.37000274658203,71.25,71.56999969482422,54874200,5.120002746582031,0.026336314038241104,-6.068428935737901e-08,0.05438179068482595
2020-07-03,71.41000366210938,75.08999633789062,71.05999755859375,73.77999877929688,33271400,4.029998779296875,-0.39367863221696175,7.123220294870369e-08,0.044609774966683155
2020-07-10,74.93000030517578,75.4800033569336,71.93000030517578,74.29000091552734,39239000,3.5500030517578125,0.1793612532084614,-1.6310287969837088e-08,0.0345410743365325
2020-07-17,74.55999755859375,75.80999755859375,71.81999969482422,74.16000366210938,41282900,3.9899978637695312,0.052088483396620644,-9.689093946509936e-09,0.03430323678249908
2020-07-24,74.16000366210938,77.33000183105469,73.62999725341797,75.77999877929688,42151800,3.7000045776367188,0.021047455483989674,3.843240661579102e-08,0.014649630776663309
2020-07-31,75.88999938964844,78.48999786376953,74.55999755859375,76.52999877929688,49619200,3.9300003051757812,0.1771549494920739,1.289822064137345e-08,0.009755360817494162
2020-08-07,76.4800033569336,76.5999984741211,74.76000213623047,75.79000091552734,41045600,1.839996337890625,-0.17278795305043204,-1.681063113722908e-08,0.013765259024489758
2020-08-14,75.81999969482422,79.9800033569336,75.80999755859375,78.37000274658203,30375500,4.170005798339844,-0.25995721831329055,8.394933587127167e-08,0.018621385613481038
2020-08-21,78.5999984741211,79.38999938964844,76.45999908447266,77.06999969482422,28167300,2.9300003051757812,-0.07269674573258056,-5.431826193127758e-08,0.022710323577869132
2020-08-28,77.70999908447266,85.29000091552734,77.25,85.0,49864300,8.040000915527344,0.7702903721691465,1.4619679641601996e-07,0.05493077084532243
2020-09-04,84.62999725341797,88.9800033569336,84.02999877929688,86.2699966430664,47332600,4.950004577636719,-0.050771794650681934,3.46484112355636e-08,0.050558791385335894
2020-09-11,85.2699966430664,87.58000183105469,84.1500015258789,85.2699966430664,32667100,3.4300003051757812,-0.3098393073695508,0.0,0.05540855096184818
2020-09-18,85.75,89.43000030517578,84.5999984741211,84.94999694824219,38544100,4.8300018310546875,0.17990577676010422,-2.0755525534590572e-08,0.05270257951049137
2020-09-25,82.86000061035156,84.9000015258789,81.75,84.30000305175781,28931500,3.1500015258789062,-0.24939225458630498,4.9772823441793544e-08,0.011747483517903787
2020-10-02,85.5199966430664,87.44999694824219,84.62999725341797,86.56999969482422,33018100,2.8199996948242188,0.1412508857128043,3.1800832021158473e-08,0.01758998437070205
2020-10-09,87.2699966430664,90.33000183105469,86.80000305175781,90.01000213623047,31291700,3.529998779296875,-0.052286473176833326,8.756333127200065e-08,0.02318986596545477
2020-10-16,90.45999908447266,91.0999984741211,87.66999816894531,88.5199966430664,26125300,3.4300003051757812,-0.16510448457578208,-7.425761393768684e-08,0.026993695837149386
2020-10-23,88.69999694824219,90.95999908447266,87.36000061035156,90.80000305175781,26554800,3.5999984741210938,0.016440002602840842,7.908197777861724e-08,0.024512439137557015
2020-10-30,90.02999877929688,91.12999725341797,85.62999725341797,86.95999908447266,48363400,5.5,0.8212677180773345,-6.347774752859019e-08,0.03783256642905043
2020-11-06,87.54000091552734,91.29000091552734,85.44999694824219,90.6500015258789,39120500,5.840003967285156,-0.19111352799844505,7.949797702870777e-08,0.03875010411032208
2020-11-13,97.31999969482422,97.6500015258789,92.66000366210938,95.55999755859375,47571500,4.989997863769531,0.2160248463082015,-3.699698635171203e-08,0.04314216674038688
2020-11-20,96.79000091552734,99.33000183105469,96.0199966430664,97.01000213623047,32995100,3.3100051879882812,-0.30641035073520906,6.667693709160602e-09,0.04299700105942473
2020-11-27,97.62000274658203,98.9800033569336,96.41999816894531,98.66000366210938,17319900,2.5600051879882812,-0.47507660228336934,6.004658892530232e-08,0.019216527655408686
2020-12-04,98.19999694824219,102.94000244140625,96.95999908447266,102.27999877929688,26762000,5.980003356933594,0.5451590367149926,1.5245504188979476e-07,0.018393650111484774
2020-12-11,102.01000213623047,106.08999633789062,100.01000213623047,103.0,34257800,6.079994201660156,0.2800911740527614,2.8898465860899745e-08,0.012578429114625393
2020-12-18,103.83000183105469,104.86000061035156,102.61000061035156,103.27999877929688,31511400,2.25,-0.0801686039383731,-1.7454097620474255e-08,0.015119272216645283
2020-12-25,101.22000122070312,103.16999816894531,100.0199966430664,102.01000213623047,17245100,3.1500015258789062,-0.45273456590313343,4.581016726648983e-08,0.020516831141981134
2021-01-01,102.91999816894531,107.13999938964844,102.30999755859375,106.9800033569336,17056500,4.8300018310546875,-0.010936439916266028,2.3803272582231299e-07,0.026132137491343924
2021-01-08,107.66000366210938,107.75,102.13999938964844,105.66999816894531,29707300,5.6100006103515625,0.7416996452965146,-6.698708711879109e-08,0.028875534322879648
2021-01-15,105.0999984741211,105.63999938964844,101.20999908447266,102.33000183105469,23445700,4.430000305175781,-0.21077647581570857,-1.1814518837426079e-07,0.034929069987780094
2021-01-22,102.80000305175781,105.8499984741211,101.33999633789062,103.91000366210938,23327000,4.510002136230469,-0.005062762041653679,4.758437048705631e-08,0.03491899939763115
2021-01-29,103.75,105.20999908447266,95.91999816894531,96.80999755859375,47415000,9.290000915527344,1.0326231405667254,-1.463672348709533e-07,0.03519685728769928
2021-02-05,96.98999786376953,107.54000091552734,96.91999816894531,106.4800033569336,33057700,10.620002746582031,-0.30280080143414534,2.8707397953166926e-07,0.0726276144022995
2021-02-12,106.41999816894531,106.9000015258789,104.72000122070312,105.30000305175781,19370800,2.1800003051757812,-0.41403061919008277,-5.781873320603692e-08,0.06996376789423622
2021-02-19,104.87999725341797,106.58999633789062,103.22000122070312,103.37000274658203,18889500,3.3699951171875,-0.024846676440828497,-7.993829941692143e-08,0.07095459964136352
2021-02-26,102.98999786376953,109.4800033569336,99.93000030517578,108.02999877929688,44151700,9.550003051757812,1.3373673204690437,1.1415191069714968e-07,0.05516635939991914
2021-03-05,108.5999984741211,110.47000122070312,102.75,105.19999694824219,31032200,7.720001220703125,-0.29714597625912476,-1.0956366373891978e-07,0.032401502073766394
2021-03-12,104.80000305175781,109.06999969482422,104.2300033569336,107.80999755859375,24734100,4.839996337890625,-0.20295370615038577,1.2169411892229504e-07,0.034201077555274496
2021-03-19,107.88999938964844,112.33999633789062,105.83000183105469,106.33999633789062,57877300,6.5099945068359375,1.3399800275732692,-2.6780845888764894e-08,0.03313651877889692
2021-03-26,106.4000015258789,110.0,104.05999755859375,109.9000015258789,33310800,5.94000244140625,-0.42445829366608323,1.050710280149381e-07,0.029001686883297205
2021-04-02,109.01000213623047,111.62000274658203,106.58999633789062,109.37999725341797,21991400,5.030006408691406,-0.3398117127177972,1.682453673651973e-08,0.022702178533027563
2021-04-09,109.91000366210938,113.95999908447266,109.87000274658203,113.18000030517578,28413500,4.089996337890625,0.29202779268259405,1.1508602048555814e-07,0.025263286862693846
2021-04-16,113.0199966430664,118.5,112.7699966430664,118.33999633789062,24166800,5.730003356933594,-0.14946064370809653,2.2013670385918775e-07,0.022016044890071883
2021-04-23,118.16999816894531,118.9800033569336,115.2300033569336,117.55999755859375,25250200,3.75,0.04483009748911737,-2.4158248661458623e-08,0.026837496609556005
2021-04-30,116.94999694824219,117.25,111.61000061035156,114.48999786376953,43394600,5.6399993896484375,0.7185844072522198,-5.668906003218503e-08,0.03388128363735694
2021-05-07,115.18000030517578,116.73999786376953,113.0999984741211,114.33999633789062,24973400,3.6399993896484375,-0.4245044314269517,-3.363594733937535e-08,0.030398273314593202
2021-05-14,114.56999969482422,116.08999633789062,109.16000366210938,111.19999694824219,36335900,6.92999267578125,0.45498410308568316,-9.274581740323017e-08,0.013371641886098079
2021-05-21,111.22000122070312,112.22000122070312,108.87999725341797,110.91999816894531,26187900,3.3400039672851562,-0.27928302312588926,-1.1455788809252079e-08,0.014380038171734569
2021-05-28,111.80000305175781,114.3499984741211,111.5199966430664,113.87999725341797,26327700,2.8300018310546875,0.005338343280675506,7.900402244252844e-08,0.02212880970124197
2021-06-04,114.55999755859375,114.62000274658203,110.1500015258789,111.98999786376953,19553300,4.470001220703125,-0.2573107411585517,-1.3143559884133208e-07,0.023446173982527335
2021-06-11,111.9800033569336,112.83000183105469,110.86000061035156,112.55999755859375,19412600,1.970001220703125,-0.0071957163240987665,2.987720355130978e-08,0.018071585338852114
2021-06-18,112.77999877929688,113.2300033569336,109.26000213623047,109.69999694824219,23564600,3.970001220703125,0.21388170569630027,-1.3070460907694965e-07,0.023330406187735433
2021-06-25,110.0,113.22000122070312,109.68000030517578,113.04000091552734,28775300,3.5400009155273438,0.2211240589698107,1.056461936288186e-07,0.0249231384788263
2021-07-02,112.93000030517578,115.30000305175781,111.2699966430664,114.97000122070312,24627800,4.030006408691406,-0.14413403161739413,8.28332581687095e-08,0.023840006317061922
2021-07-09,115.08000183105469,117.7699966430664,114.31999969482422,117.47000122070312,18696700,3.4499969482421875,-0.24082946913650427,1.278300122293473e-07,0.024873684781928373
2021-07-16,117.75,120.83000183105469,117.38999938964844,118.7300033569336,28406800,3.44000244140625,0.5193483341980136,3.4498900155371027e-08,0.008301524807631591
2021-07-23,117.54000091552734,126.31999969482422,114.33000183105469,125.97000122070312,32333100,11.989997863769531,0.13821690581128454,2.607235404330479e-07,0.022685874348835528
2021-07-30,125.73999786376953,126.16000366210938,121.0999984741211,121.43000030517578,35016100,5.060005187988281,0.08297998026789877,-1.230861677512273e-07,0.03992173198514331
2021-08-06,122.02999877929688,122.9800033569336,117.5199966430664,119.05000305175781,29817300,5.4600067138671875,-0.14846884718743658,-9.994183670349302e-08,0.04263013637634039
2021-08-13,118.98999786376953,119.0199966430664,115.4000015258789,116.76000213623047,29589900,3.6199951171875,-0.0076264450503567005,-7.536340871510423e-08,0.04367753585396132
2021-08-20,116.69000244140625,117.7300033569336,113.61000061035156,114.62999725341797,24019700,4.120002746582031,-0.1882466652472634,-8.576315224537697e-08,0.008526485647905726
2021-08-27,114.70999908447266,115.98999786376953,113.86000061035156,115.12000274658203,20956800,2.1299972534179688,-0.12751616381553477,1.956423032664219e-08,0.01166443781072389
2021-09-03,115.61000061035156,118.36000061035156,114.62999725341797,117.19000244140625,21199600,3.7300033569335938,0.011585738280653457,7.452979447983393e-08,0.018133479063244713
2021-09-10,117.08999633789062,120.76000213623047,115.47000122070312,119.33999633789062,21042400,5.290000915527344,-0.007415234249702807,1.0692696650572179e-07,0.017185132619599138
2021-09-17,119.88999938964844,120.1500015258789,113.12000274658203,113.41000366210938,37918100,7.029998779296875,0.8019855149602706,-1.7089452603213407e-07,0.03228323034943286
2021-09-24,111.3499984741211,114.86000061035156,110.37999725341797,114.11000061035156,25638800,4.480003356933594,-0.32383742856314,1.0764942728327647e-07,0.032425130266659614
2021-10-01,113.61000061035156,114.66999816894531,110.30999755859375,112.91999816894531,25907000,4.3600006103515625,0.010460707989453422,-2.6633822573291e-08,0.02964052674743178
2021-10-08,112.43000030517578,113.08000183105469,109.4800033569336,111.22000122070312,25452700,3.5999984741210938,-0.017535801134828444,-4.753912490512426e-08,0.02346842220797343
2021-10-15,112.88999938964844,113.55999755859375,109.41000366210938,111.44999694824219,25716400,4.149993896484375,0.010360393985706873,-5.5995490869882644e-08,0.010057255195976786
2021-10-22,111.44000244140625,115.11000061035156,110.95999908447266,114.55000305175781,25483600,4.150001525878906,-0.009052589009348133,1.2203929626707225e-07,0.019222621664677943
2021-10-29,114.73999786376953,115.56999969482422,104.0199966430664,106.06999969482422,51209700,11.550003051757812,1.0095159239667866,-1.6930382659818965e-07,0.043238501696463996
2021-11-05,107.2300033569336,117.33000183105469,107.19999694824219,116.91000366210938,50615500,10.1300048828125,-0.011603270474148442,1.9124577066660967e-07,0.07270927645438795
2021-11-12,116.5199966430664,117.47000122070312,110.54000091552734,111.72000122070312,36614000,6.930000305175781,-0.2766247493356778,-1.310972694150675e-07,0.07881474036292269
2021-11-19,112.12000274658203,113.6500015258789,109.7699966430664,110.77999877929688,32853600,3.8800048828125,-0.10270388376031026,-4.078712735545439e-08,0.07705886637519782
2021-11-26,111.11000061035156,114.26000213623047,109.25,110.66000366210938,25045800,5.010002136230469,-0.23765432098765427,-1.7966962454470908e-08,0.06299075420074471
2021-12-03,111.36000061035156,113.3499984741211,108.55000305175781,111.23999786376953,38939400,4.799995422363281,0.5547277387825504,-3.081782117393469e-09,0.022199903662265392
2021-12-10,112.01000213623047,117.19000244140625,111.70999908447266,116.7300033569336,34649600,5.480003356933594,-0.11016605289244308,1.3622094398501355e-07,0.025991687031341887
2021-12-17,116.16000366210938,116.83000183105469,108.22000122070312,108.62999725341797,41477700,8.610000610351562,0.19706143793867748,-1.8154348984373304e-07,0.049045565687567495
2021-12-24,107.06999969482422,112.91000366210938,106.61000061035156,112.37000274658203,17998800,6.3000030517578125,-0.5660607989353315,2.9446424493620756e-07,0.05281182344333063
2021-12-31,112.5999984741211,117.4800033569336,112.38999938964844,116.97000122070312,20237200,5.090003967285156,0.12436384647865406,2.159390996077536e-07,0.05581712306600544
2022-01-07,116.47000122070312,117.80000305175781,107.4800033569336,107.56999969482422,39871900,10.319999694824219,0.9702280947957227,-2.232148838123818e-07,0.06519443251865761
2022-01-14,106.62000274658203,107.01000213623047,99.08999633789062,100.12000274658203,56904800,7.920005798339844,0.4271905778254861,-1.1422586495339584e-07,0.06515972141341149
2022-01-21,99.16999816894531,99.36000061035156,95.47000122070312,96.30999755859375,56002600,3.8899993896484375,-0.01585455005553138,-5.1069068406673304e-08,0.054758848891337204
2022-01-28,94.75,98.63999938964844,93.79000091552734,97.20999908447266,57100500,4.849998474121094,0.019604446936392295,4.3081918450322785e-08,0.0401655879668005
2022-02-04,97.02999877929688,99.1500015258789,93.83000183105469,95.0,53157100,5.319999694824219,-0.06906069123737968,-3.818866678763279e-08,0.032693960511449134
2022-02-11,95.3499984741211,97.97000122070312,93.36000061035156,93.7300033569336,39387300,4.6100006103515625,-0.2590397143561255,-4.112988494229104e-08,0.019839924453651986
2022-02-18,93.75,95.55000305175781,92.41999816894531,93.33999633789062,35005300,3.1300048828125,-0.11125413521617378,-1.1712616721164366e-08,0.01367732827938751
2022-02-25,93.5999984741211,94.04000091552734,87.25,92.58000183105469,34597200,6.790000915527344,-0.011658234610187557,-2.9482057596175594e-08,0.00802888563644573
2022-03-04,91.29000091552734,93.5,89.44999694824219,90.02999877929688,40180500,4.0500030517578125,0.1613801116853386,-3.135854795810079e-08,0.010214606757088029
2022-03-11,90.04000091552734,90.05000305175781,82.54000091552734,82.7300033569336,58578300,7.510002136230469,0.4578788218165528,-1.247901963456391e-07,0.03540627694747781
2022-03-18,82.31999969482422,90.08999633789062,78.91999816894531,89.5999984741211,84287900,11.169998168945312,0.43889290061336705,8.63706270923451e-08,0.06833983774399154
2022-03-25,89.61000061035156,89.72000122070312,85.55999755859375,87.44999694824219,41254700,4.160003662109375,-0.5105501501401744,-5.2357759530656504e-08,0.06877572608848653
2022-04-01,87.4800033569336,92.62999725341797,86.75,91.48999786376953,40888700,5.879997253417969,-0.008871716434733501,9.807097087547262e-08,0.07310850779102242
2022-04-08,87.88999938964844,88.45999908447266,81.33999633789062,81.5199966430664,64491800,7.120002746582031,0.5772523949159547,-9.877228960243057e-08,0.0846121416536164
2022-04-15,80.87999725341797,81.73999786376953,79.25,79.5,35267300,2.4899978637695312,-0.45315063310374337,-3.9129654195755524e-08,0.0634781175465133
2022-04-22,79.04000091552734,81.54000091552734,77.77999877929688,77.91999816894531,43256200,3.7600021362304688,0.2265242873710207,-2.5892305532664248e-08,0.06359568686797136
2022-04-29,77.37999725341797,78.08000183105469,74.4800033569336,74.63999938964844,45544600,3.5999984741210938,0.052903398819128755,-6.016076250026416e-08,0.04114797830431759
2022-05-06,75.25,82.87000274658203,73.37999725341797,76.5199966430664,88429300,9.490005493164062,0.9415979062281807,1.4361717700653588e-08,0.028681746610543582
2022-05-13,75.23999786376953,76.55000305175781,68.38999938964844,75.5999984741211,72684500,8.160003662109375,-0.17804958311328933,4.9529213291907144e-09,0.027990654908897065
2022-05-20,74.94000244140625,75.44000244140625,70.33000183105469,73.38999938964844,61601800,5.1100006103515625,-0.15247680041824596,-2.5161651960783816e-08,0.029210371787857767
2022-05-27,73.7300033569336,76.72000122070312,71.2699966430664,76.70999908447266,45753300,5.450004577636719,-0.2572733264287732,6.513182060177216e-08,0.033996372684357255
2022-06-03,76.97000122070312,79.9000015258789,75.8499984741211,79.05000305175781,51598000,4.0500030517578125,0.1277437911582333,4.031167547297739e-08,0.035017903900674906
2022-06-10,79.69999694824219,81.30000305175781,75.66000366210938,75.66999816894531,39877200,5.6399993896484375,-0.22715609132136905,-1.0106022437124158e-07,0.04342138725515307
2022-06-17,73.08999633789062,75.2699966430664,70.3499984741211,71.87000274658203,44572000,4.9199981689453125,0.11773143550700649,-2.7371300172947002e-08,0.04916913611150304
2022-06-24,73.05999755859375,78.1500015258789,72.02999877929688,78.11000061035156,39173100,6.120002746582031,-0.12112761374854164,1.2891507314350441e-07,0.06498884577763743
2022-07-01,78.0,79.88999938964844,74.87000274658203,79.26000213623047,37182800,5.019996643066406,-0.05080782475729517,3.388669320843155e-08,0.0634738227413362
2022-07-08,78.0199966430664,80.47000122070312,77.36000061035156,79.27999877929688,22063300,3.1100006103515625,-0.40662618199812817,5.710850762263436e-08,0.056603406865560334
2022-07-15,78.8499984741211,80.20999908447266,75.7300033569336,79.62000274658203,24731000,4.4799957275390625,0.12091119642120618,3.113518549435678e-08,0.040660784490473126
2022-07-22,80.02999877929688,84.43000030517578,80.0,83.58999633789062,33547500,4.430000305175781,0.35649589583923014,1.0611811785062225e-07,0.02255975991649279
2022-07-29,83.58999633789062,84.9800033569336,80.0,84.77999877929688,30218000,4.980003356933594,-0.09924733586705414,3.938058248084751e-08,0.02257946140025614
2022-08-05,84.19000244140625,88.27999877929688,83.62000274658203,85.7300033569336,39405900,4.659996032714844,0.3040538751737376,3.9080465502052835e-08,0.020405016980902097
2022-08-12,86.1500015258789,88.4000015258789,84.45999908447266,88.30999755859375,24198800,3.94000244140625,-0.38590921664014777,8.926046054824387e-08,0.017728726200480327
2022-08-19,88.11000061035156,89.93000030517578,86.55000305175781,86.91999816894531,22039100,3.3799972534179688,-0.08924822718481906,-5.399505612326502e-08,0.019023855473266564
2022-08-26,85.37999725341797,87.98999786376953,83.95999908447266,84.05999755859375,25772800,4.029998779296875,0.16941254406940387,-5.1216774848841365e-08,0.02797715662838953
2022-09-02,83.19999694824219,85.7699966430664,82.55000305175781,82.94000244140625,36311700,3.2199935913085938,0.40891560094363055,-7.160075315557726e-09,0.026830523490553752
2022-09-09,83.06999969482422,89.94999694824219,81.66999816894531,88.69000244140625,35825300,8.279998779296875,-0.013395131596703025,1.568724545665223e-07,0.045828138076565696
2022-09-16,89.7699966430664,93.4800033569336,86.06999969482422,91.30999755859375,72473100,7.410003662109375,1.0229586353777917,2.1249276152494424e-08,0.04563025708446309
2022-09-23,90.88999938964844,92.55000305175781,83.2300033569336,84.16999816894531,38760000,9.319999694824219,-0.46518087400704533,-1.7337464449698465e-07,0.06313329413634937
2022-09-30,84.30999755859375,87.4800033569336,83.16999816894531,84.26000213623047,38682100,4.310005187988281,-0.002009803921568576,-1.2924691876418614e-09,0.06238690937642812
2022-10-07,84.75,90.9000015258789,83.80000305175781,87.02999877929688,34203300,7.099998474121094,-0.11578482036911131,6.666019884914248e-08,0.05168792805024047
2022-10-14,87.01000213623047,90.69999694824219,84.70999908447266,86.37000274658203,29817400,5.989997863769531,-0.12823031695772047,-2.1463956939519795e-08,0.0468406699013443
2022-10-21,87.9000015258789,90.47000122070312,86.47000122070312,88.61000061035156,31842600,4.0,0.06792007351412255,2.2297145474071093e-08,0.019393343531629293
2022-10-28,86.9000015258789,88.2300033569336,82.43000030517578,87.0999984741211,54969800,5.8000030517578125,0.7262974757086418,3.6383059105579335e-09,0.024556745124818837
2022-11-04,86.5999984741211,93.5999984741211,82.97000122070312,91.86000061035156,50323300,10.629997253417969,-0.08452823186549707,1.0452418931648895e-07,0.03278335289843555
2022-11-11,91.66999816894531,98.66999816894531,89.27999877929688,97.37999725341797,44839700,9.389999389648438,-0.108967416683723,1.2734249079437765e-07,0.03530431571764314
2022-11-18,97.12999725341797,99.52999877929688,95.0999984741211,97.94999694824219,31490400,4.430000305175781,-0.29771162608135204,2.603967224373837e-08,0.037600542580478485
2022-11-25,96.98999786376953,100.08000183105469,96.69999694824219,99.55999755859375,18162700,3.3800048828125,-0.4232305718568199,1.4149876917111545e-07,0.027126897732506743
2022-12-02,98.98999786376953,105.54000091552734,98.19999694824219,105.05000305175781,40051200,7.340003967285156,1.2051346991361416,1.5130645743419127e-07,0.02725122305917236
2022-12-09,103.38999938964844,104.23999786376953,101.05999755859375,101.79000091552734,35327800,3.1800003051757812,-0.11793404442313837,-4.529006827827076e-08,0.03544924222191067
2022-12-16,101.12999725341797,105.19999694824219,98.0199966430664,98.83000183105469,39592700,7.180000305175781,0.12072362275601645,-5.809140125233392e-08,0.04117713149923576
2022-12-23,98.43000030517578,99.06999969482422,96.16999816894531,98.2699966430664,24572300,2.9000015258789062,-0.37937296521833574,-6.5115460135752456e-09,0.040221039041773134
2022-12-30,98.56999969482422,100.6500015258789,98.20999908447266,99.19999694824219,15859000,2.44000244140625,-0.35459847063563443,3.9724904055613135e-08,0.019472032044458132
2023-01-06,100.55999755859375,107.0,99.47000122070312,106.69000244140625,29993500,7.529998779296875,0.8912604830064947,2.0437777794563821e-07,0.04486123181496545
2023-01-13,106.5199966430664,107.30000305175781,104.16999816894531,107.2300033569336,30354500,3.1300048828125,0.012035941120576155,2.3390492805586898e-08,0.036827895099661896
2023-01-20,106.94999694824219,107.5999984741211,103.88999938964844,105.04000091552734,24862300,3.7099990844726562,-0.18093528142450044,-7.682298229507502e-08,0.04091422391125054
2023-01-27,105.04000091552734,109.76000213623047,104.4000015258789,109.0199966430664,30429800,5.3600006103515625,0.22393342530658877,1.3079270082416125e-07,0.04153989523293346
2023-02-03,108.26000213623047,110.83000183105469,103.04000091552734,104.30000305175781,43591600,7.790000915527344,0.432529954189643,-9.08431689700001e-08,0.034856999069483155
2023-02-10,104.0,107.37999725341797,103.30000305175781,107.08999633789062,30064200,4.079994201660156,-0.3103212545536296,1.0277992888188028e-07,0.038481851716970036
2023-02-17,107.44999694824219,109.0999984741211,106.2300033569336,107.0999984741211,25834100,2.8699951171875,-0.14070223055993503,-1.3547925963013758e-08,0.036105218732308555
2023-02-24,105.5,105.94999694824219,100.81999969482422,101.5999984741211,25839300,5.129997253417969,0.00020128434898070147,-1.5093294036134517e-07,0.036868294258046164
2023-03-03,102.33000183105469,104.69000244140625,100.91000366210938,104.55000305175781,25463500,3.779998779296875,-0.014543737639951537,8.718366370307008e-08,0.03737519787462502
2023-03-10,104.44999694824219,105.94000244140625,99.02999877929688,99.37999725341797,25813100,6.910003662109375,0.013729455887839359,-1.9641188756190534e-07,0.039333062301250776
2023-03-17,98.91000366210938,100.70999908447266,97.27999877929688,98.69999694824219,37638600,3.4300003051757812,0.4581201018087715,-5.5795569938092144e-09,0.03841653338179075
2023-03-24,99.0999984741211,101.4800033569336,97.19000244140625,98.33999633789062,27090000,4.290000915527344,-0.2802601584543527,-2.8054711562586518e-08,0.032195861433092124
2023-03-31,98.91999816894531,104.27999877929688,98.08000183105469,104.12999725341797,26661300,6.1999969482421875,-0.015825027685492765,1.9541429279414943e-07,0.044615751397620924
2023-04-07,104.05999755859375,105.69999694824219,103.3499984741211,104.68000030517578,16036400,2.3499984741210938,-0.3985139509326252,3.866221512197446e-08,0.03073794980668356
2023-04-14,103.55000305175781,108.16999816894531,103.06999969482422,107.47000122070312,20709100,5.099998474121094,0.29138085854680607,1.892886783561484e-07,0.027801074043129426
2023-04-21,107.95999908447266,109.2300033569336,106.19000244140625,108.19000244140625,23519000,3.0400009155273438,0.1356843126934537,9.779470085190432e-09,0.024983794073129922
2023-04-28,108.19000244140625,114.30999755859375,108.04000091552734,114.29000091552734,36367200,6.269996643066406,0.546290233428292,1.6773352015335504e-07,0.023840298985241298
2023-05-05,114.25,115.4800033569336,103.80000305175781,107.20999908447266,57182800,11.680000305175781,0.5723729074550694,-1.23113959364133e-07,0.05026164710211908
2023-05-12,107.47000122070312,108.12000274658203,104.83000183105469,106.12000274658203,24305400,3.2900009155273438,-0.5749526081269193,-5.554314983999826e-08,0.04880003478463297
2023-05-19,106.11000061035156,107.1500015258789,104.94999694824219,105.51000213623047,23013600,2.2000045776367188,-0.053148683008714115,-2.6071474003245636e-08,0.04843391485379929
2023-05-26,105.5199966430664,105.69999694824219,97.7300033569336,98.52999877929688,35858900,7.969993591308594,0.5581612611673097,-1.949306270903327e-07,0.032481372069386616
2023-06-02,98.88999938964844,99.66000366210938,96.5199966430664,99.5,29856100,3.1400070190429688,-0.16740056164578387,2.0431356083063846e-08,0.033194746942465506
2023-06-09,100.04000091552734,100.87000274658203,96.91999816894531,97.95999908447266,33907800,3.9500045776367188,0.13570761083999594,-6.134287187770033e-08,0.03287872496539196
2023-06-16,97.95999908447266,102.51000213623047,97.5199966430664,101.87000274658203,39280600,4.9900054931640625,0.1584532172538471,9.95403242850001e-08,0.0449151531339588
2023-06-23,101.86000061035156,102.48999786376953,97.5199966430664,98.33999633789062,35910800,4.970001220703125,-0.085787895296915,-9.802077014326992e-08,0.03230247941834144
2023-06-30,98.33999633789062,99.45999908447266,97.30000305175781,99.05999755859375,29028400,2.1599960327148438,-0.19165265045613022,2.4803338134486398e-08,0.032067522302566785
2023-07-07,98.7300033569336,99.56999969482422,95.55000305175781,96.05000305175781,24695200,4.019996643066406,-0.14927450358958816,-1.0852312616118846e-07,0.03507885537548425
2023-07-14,96.30000305175781,102.19999694824219,96.2300033569336,101.61000061035156,29986000,5.969993591308594,0.2142440636237002,1.7708255714646002e-07,0.04292820508196909
2023-07-21,100.83000183105469,103.55000305175781,99.86000061035156,102.81999969482422,42626100,3.69000244140625,0.42153338224504777,4.6684962118737845e-08,0.0361644396725654
2023-07-28,102.87999725341797,103.7699966430664,100.54000091552734,101.25,27636500,3.2299957275390625,-0.35165309516939147,-5.8979872755883297e-08,0.03874449506875149
2023-08-04,101.30999755859375,104.45999908447266,99.29000091552734,100.68000030517578,39371500,5.1699981689453125,0.42461961536374004,-1.600135258798798e-08,0.03245407893626749
2023-08-11,101.41999816894531,102.37000274658203,99.47000122070312,100.98999786376953,23800200,2.9000015258789062,-0.39549674256759326,-1.8067087889000144e-08,0.011653289572056847
2023-08-18,100.4800033569336,101.22000122070312,95.79000091552734,97.2300033569336,19539600,5.430000305175781,-0.17901530239241692,-1.663288910724887e-07,0.01734780445708167
2023-08-25,97.31999969482422,97.56999969482422,93.70999908447266,95.4800033569336,30282400,3.8600006103515625,0.5497963110810866,-6.07612454062632e-08,0.017479974249740595
2023-09-01,95.94000244140625,99.72000122070312,95.83000183105469,98.0,25195000,3.8899993896484375,-0.16799857342879032,8.176215751513197e-08,0.02738808116247533
2023-09-08,97.5199966430664,97.80999755859375,94.75,95.27999877929688,22001500,3.05999755859375,-0.1267513395514983,-1.0181114304795269e-07,0.028144794284081023
2023-09-15,95.6500015258789,97.77999877929688,95.19999694824219,96.2300033569336,31222600,2.5800018310546875,0.41911233325000574,1.857634633421584e-08,0.02495497081580557
2023-09-22,96.30000305175781,96.97000122070312,93.02999877929688,93.68000030517578,27080300,3.94000244140625,-0.13266992499023145,-9.674939888339609e-08,0.02700943150855383
2023-09-29,92.88999938964844,93.47000122070312,90.20999908447266,91.2699966430664,28073400,3.2600021362304688,0.03667241500278795,-5.770596887381048e-08,0.018334421400824318
2023-10-06,91.05000305175781,93.33999633789062,89.20999908447266,92.8499984741211,33791100,4.129997253417969,0.20366966594712443,5.3268328712687106e-08,0.023148640407018466
2023-10-13,92.44999694824219,93.97000122070312,90.7699966430664,91.4800033569336,23860000,3.2000045776367188,-0.29389691368437254,-4.06535453188849e-08,0.020531833679855727
2023-10-20,92.16999816894531,95.66000366210938,91.8499984741211,94.19000244140625,25103100,3.8100051879882812,0.052099748533109835,8.0468319548619e-08,0.026117523724135335
2023-10-27,93.93000030517578,95.36000061035156,91.7699966430664,92.0199966430664,28073800,3.5900039672851562,0.11833996598029728,-6.803509543094896e-08,0.025198225098628492
2023-11-03,93.12000274658203,103.7699966430664,90.55000305175781,102.6500015258789,70845500,13.219993591308594,1.5235450847409329,1.3451805378318842e-07,0.0634812987603056
2023-11-10,102.87000274658203,104.81999969482422,101.97000122070312,104.33000183105469,36170000,2.8499984741210938,-0.4894523999407161,4.03649180114088e-08,0.05838729080111721
2023-11-17,103.91999816894531,107.66000366210938,102.95999908447266,105.56999969482422,37803000,4.700004577636719,0.04514791263478024,4.364736994098104e-08,0.05955495688400938
2023-11-24,105.20999908447266,105.47000122070312,102.47000122070312,102.77999877929688,23983600,3.0,-0.3655635796100839,-1.0131924753480634e-07,0.06057988980364958
2023-12-01,102.29000091552734,103.08999633789062,97.5199966430664,99.19999694824219,47079300,5.569999694824219,0.962978868893744,-6.56340252995511e-08,0.026130565331530638
2023-12-08,98.38999938964844,98.87999725341797,94.8499984741211,96.61000061035156,54603200,4.029998779296875,0.15981333622207639,-3.259879969116966e-08,0.020898090601304653
2023-12-15,97.22000122070312,99.01000213623047,96.55999755859375,96.75,43925600,2.4500045776367188,-0.19554897881442845,-1.069993854843474e-08,0.015810554047244053
2023-12-22,97.23999786376953,98.05000305175781,94.33999633789062,95.27999877929688,35654900,3.7100067138671875,-0.188288833846322,-5.4971380777190685e-08,0.015635425209173565
2023-12-29,95.33999633789062,96.3499984741211,94.79000091552734,96.01000213623047,19322800,1.55999755859375,-0.4580604629377729,3.4674363877897805e-08,0.015429897287138344
2024-01-05,95.44999694824219,95.94999694824219,92.4800033569336,92.98999786376953,30331000,3.4699935913085938,0.5697000434719606,-8.110510977127876e-08,0.017595439938626164
2024-01-12,93.0199966430664,94.56999969482422,91.7699966430664,91.9800033569336,31857900,2.8000030517578125,0.05034123504005805,-3.264475329926996e-08,0.0160802641495622
2024-01-19,92.66000366210938,94.23999786376953,91.4000015258789,93.86000061035156,31281700,2.839996337890625,-0.018086565655614506,3.836098895655247e-08,0.02260776373693499
2024-01-26,93.80000305175781,93.91999816894531,91.72000122070312,92.80000305175781,48530400,2.1999969482421875,0.5513990607927319,-2.0605641000280236e-08,0.021429112412455747
2024-02-02,93.0199966430664,98.36000061035156,91.66999816894531,92.98999786376953,83473200,6.69000244140625,0.7200187923445922,-3.593821645375402e-10,0.014915694876646162
2024-02-09,92.77999877929688,97.98999786376953,91.9000015258789,97.30000305175781,47219000,6.089996337890625,-0.4343214349036577,9.572426930813735e-08,0.024966349226068444
2024-02-16,96.91999816894531,97.13999938964844,92.75,93.22000122070312,37489000,4.3899993896484375,-0.20606111946462224,-9.869553597701159e-08,0.036662660666505135
2024-02-23,93.36000061035156,96.93000030517578,93.06999969482422,95.62000274658203,32099000,3.8600006103515625,-0.1437755074821948,7.040724434500977e-08,0.037921878934816855
2024-03-01,95.36000061035156,95.56999969482422,92.7699966430664,93.16000366210938,37238800,2.8000030517578125,0.16012336832923135,-5.907808383305014e-08,0.041738609460309134
2024-03-08,93.05999755859375,93.31999969482422,90.30999755859375,91.05999755859375,35750900,3.0100021362304688,-0.03995563766823851,-5.5942647597682856e-08,0.029169199002274666
2024-03-15,91.26000213623047,92.95999908447266,90.0999984741211,90.12000274658203,51082800,2.8600006103515625,0.428853539351457,-2.2316697394199955e-08,0.023591577659655073
2024-03-22,90.75,93.16999816894531,90.05999755859375,90.70999908447266,31677100,3.1100006103515625,-0.37988716358539465,-1.2627707563932225e-09,0.014631748078713041
2024-03-29,90.6500015258789,92.23999786376953,90.2300033569336,91.38999938964844,25767100,2.0099945068359375,-0.18657010900619064,2.8718709663467415e-08,0.014435986361072082
2024-04-05,91.81999969482422,92.06999969482422,86.83000183105469,86.8499984741211,34802400,5.239997863769531,0.3506525763473576,-1.4280627832284914e-07,0.02674219980437004
2024-04-12,86.97000122070312,87.5999984741211,84.29000091552734,84.91999816894531,35413900,3.30999755859375,0.017570627313058917,-5.788696110165253e-08,0.02722666569095613
2024-04-19,85.4000015258789,88.08000183105469,84.41999816894531,87.61000061035156,48717100,3.660003662109375,0.3756491095304386,4.536392938973494e-08,0.035371956796336916
2024-04-26,88.08000183105469,89.7300033569336,86.94999694824219,88.25,35993300,2.7800064086914062,-0.26117728682536523,4.723050371744533e-09,0.03534380782491351
2024-05-03,88.23999786376953,88.98999786376953,72.66999816894531,73.11000061035156,135709100,16.31999969482422,2.770398935357414,-1.1148845032070781e-07,0.09127277800071058
2024-05-10,73.30999755859375,76.30999755859375,71.80000305175781,76.11000061035156,99369500,4.5099945068359375,-0.26777570553485364,2.817769085844059e-08,0.10012953228888948
2024-05-17,76.22000122070312,78.0,74.45999908447266,77.8499984741211,55936200,3.5400009155273438,-0.4370888451687892,2.9140292930480954e-08,0.0986138692029763
2024-05-24,77.68000030517578,81.0199966430664,76.70999908447266,78.87000274658203,68760100,4.30999755859375,0.22925940625212293,1.7306583925943245e-08,0.0992889323033903
2024-05-31,78.79000091552734,80.33000183105469,76.83000183105469,80.22000122070312,40065300,3.5,-0.41731760134147566,3.56917408624366e-08,0.012338395759835242
2024-06-07,79.68000030517578,83.43000030517578,79.62000274658203,81.43000030517578,56179100,3.80999755859375,0.402188427392282,3.1150374427500617e-08,0.0042123416430918156
2024-06-14,81.48999786376953,81.8499984741211,79.11000061035156,79.6500015258789,47736000,2.7399978637695312,-0.15028898647361744,-3.8545255947097056e-08,0.018552570134183398
2024-06-21,79.58000183105469,81.75,79.16000366210938,79.91000366210938,55342700,2.589996337890625,0.15934933802580864,5.962879134098761e-09,0.017913699345406084
2024-06-28,80.0,80.75,77.61000061035156,77.8499984741211,57423400,3.1399993896484375,0.037596647796366955,-3.7441209086868875e-08,0.01971523641563716
2024-07-05,77.98999786376953,78.22000122070312,75.41999816894531,76.05000305175781,30191500,2.8000030517578125,-0.4742300177279646,-6.425632419759597e-08,0.013524465179657726
2024-07-12,76.33999633789062,76.44999694824219,72.08000183105469,74.83000183105469,54696000,4.3699951171875,0.8116357252869184,-2.7607037202646216e-08,0.013116288364032475
2024-07-19,74.88999938964844,79.37999725341797,71.55000305175781,79.2699966430664,79267800,7.829994201660156,0.4492430890741552,5.5255693401582595e-08,0.04069895854198439
2024-07-26,78.33000183105469,78.47000122070312,73.26000213623047,74.05000305175781,70282500,5.209999084472656,-0.11335371992158227,-6.089707650264112e-08,0.05204865068750011
2024-08-02,74.38999938964844,81.23999786376953,73.72000122070312,75.87999725341797,78422300,7.519996643066406,0.11581545904030155,1.899967054995239e-08,0.053925322326089264
2024-08-09,73.8499984741211,76.83000183105469,72.72000122070312,75.08999633789062,43867300,4.1100006103515625,-0.44062721955362183,2.8267020394907625e-08,0.053419324450295076
2024-08-16,76.52999877929688,96.01000213623047,76.29000091552734,94.80999755859375,253522400,19.720001220703125,4.779302578458214,7.210407750674842e-08,0.1447828638060581
2024-08-23,94.3499984741211,94.88999938964844,91.7699966430664,94.0199966430664,54278400,3.1200027465820312,-0.7859029419096695,-6.0798002714650305e-09,0.13130380612903517
2024-08-30,94.19999694824219,98.72000122070312,94.18000030517578,94.56999969482422,62103900,4.540000915527344,0.14417337283339227,5.957802111977368e-09,0.1336535344679234
2024-09-06,94.12999725341797,94.80999755859375,90.18000030517578,91.1500015258789,36054600,4.629997253417969,-0.41944708786404716,-8.265230310526431e-08,0.13885116021407165
2024-09-13,91.22000122070312,99.51000213623047,90.41000366210938,98.56999969482422,61273000,9.099998474121094,0.6994502781891909,1.1995493078715084e-07,0.05026945279700426
2024-09-20,98.5199966430664,98.69999694824219,95.19999694824219,96.05000305175781,52632500,3.5,-0.14101643464494962,-4.69290569763662e-08,0.05310179661530878
2024-09-27,96.05000305175781,99.1500015258789,94.19000244140625,97.36000061035156,41819200,4.959999084472656,-0.2054491046406688,3.1325265872942335e-08,0.053218494763755425
2024-10-04,97.38999938964844,98.13999938964844,95.1500015258789,96.58000183105469,32329300,2.9899978637695312,-0.2269268661284769,-2.5054596251504052e-08,0.04685415016733639
2024-10-11,96.19000244140625,96.87999725341797,93.76000213623047,95.55000305175781,27713200,3.1199951171875,-0.14278379055531665,-2.309366618248479e-08,0.01615957101494456
2024-10-18,95.41000366210938,96.8499984741211,94.08999633789062,96.83999633789062,29681500,2.7600021362304688,0.0710239164008486,4.817791135155737e-08,0.013270234007836754
2024-10-25,96.94999694824219,99.41999816894531,93.69000244140625,97.30999755859375,49018200,5.7299957275390625,0.651473139834577,7.34422337726727e-09,0.01130956673260473
2024-11-01,97.6500015258789,99.80000305175781,95.3499984741211,98.87000274658203,44514000,4.450004577636719,-0.09188831903252259,2.7407135299077257e-08,0.012053985999414726
2024-11-08,98.58999633789062,98.80999755859375,94.77999877929688,97.55000305175781,35420100,4.029998779296875,-0.20429303140584987,-2.936166995950922e-08,0.01329736363773827
2024-11-15,98.0,101.41000366210938,96.2300033569336,98.41999816894531,42129400,5.180000305175781,0.18942069615839596,9.96924164467836e-09,0.012525610106839481
2024-11-22,98.44000244140625,102.55999755859375,97.11000061035156,102.5,37069300,5.4499969482421875,-0.12010852278931106,1.0952452726632955e-07,0.022580415409840612
2024-11-29,102.93000030517578,103.31999969482422,100.47000122070312,102.45999908447266,23675000,2.8499984741210938,-0.3613313442660099,-1.985221629157867e-08,0.02338783224394899
2024-12-06,102.0,102.20999908447266,98.44000244140625,100.11000061035156,32847600,3.7699966430664062,0.3874382259767688,-5.753843171642487e-08,0.026716830410987494
2024-12-13,100.06999969482422,100.56999969482422,96.94000244140625,97.41999816894531,35758200,3.6299972534179688,0.08860921345851747,-7.410891839854652e-08,0.03134558955638363
2024-12-20,96.94999694824219,97.0,87.06999969482422,87.97000122070312,72924500,9.930000305175781,1.0393783803435297,-1.2314099825900846e-07,0.04179649153152509
2024-12-27,87.5,93.19999694824219,86.30000305175781,92.25,32364800,6.899993896484375,-0.5561875638502836,1.4676438599960452e-07,0.05948681793241801
2025-01-03,91.29000091552734,93.12000274658203,89.83999633789062,92.58000183105469,26231000,3.2800064086914062,-0.18952071386197356,4.917848787798192e-08,0.061178051822078514
2025-01-10,92.04000091552734,94.5,91.86000061035156,92.25,28200400,2.6399993896484375,0.07507910487591007,7.446670418598894e-09,0.06115010862046058
2025-01-17,92.2699966430664,95.86000061035156,91.37999725341797,95.12999725341797,32783100,4.480003356933594,0.16250478716613959,8.724009048416905e-08,0.02430265140402244
2025-01-24,95.41000366210938,99.01000213623047,95.41000366210938,98.80999755859375,31340900,3.5999984741210938,-0.043992178897053646,1.0848424571356837e-07,0.02061178195790658
2025-01-31,98.5199966430664,110.33999633789062,98.0999984741211,107.68000030517578,99320600,12.239997863769531,2.1690410932679023,9.222662430663302e-08,0.038513149219606184
2025-02-07,105.72000122070312,112.62000274658203,105.5199966430664,112.19999694824219,56313500,7.100006103515625,-0.43301288957175044,1.1507002277498402e-07,0.02662066728183957
2025-02-14,112.58000183105469,113.47000122070312,110.4000015258789,112.55000305175781,39462200,3.0699996948242188,-0.2992408569881112,-7.601902402013826e-10,0.035575294153678175
2025-02-21,111.80000305175781,114.68000030517578,111.62000274658203,111.75,31851500,3.05999755859375,-0.19286050955091205,-1.5698805945657976e-09,0.04397044859357866
2025-02-28,112.33999633789062,116.08999633789062,111.88999938964844,115.80999755859375,52068800,4.1999969482421875,0.6347361976672998,6.664261939401571e-08,0.024230713120674395
2025-03-07,116.04000091552734,117.45999908447266,103.44000244140625,106.4800033569336,61593800,14.019996643066406,0.18293104507881885,-1.552103873862913e-07,0.04929262417174464
2025-03-14,105.7300033569336,106.0,95.93000030517578,98.11000061035156,53463200,10.069999694824219,-0.13200354581142903,-1.4252799582857051e-07,0.057208132691299374
2025-03-21,97.70999908447266,99.69000244140625,96.29000091552734,97.06999969482422,39856600,3.4000015258789062,-0.2545040326804232,-1.6057551061767373e-08,0.056716240540060955
2025-03-28,98.02999877929688,99.91999816894531,94.7699966430664,97.7300033569336,42018600,5.150001525878906,0.054244466412087355,-7.139586334701329e-09,0.04541697523479279
2025-04-04,96.62000274658203,99.75,81.30000305175781,82.0999984741211,63404800,18.449996948242188,0.5089698371673497,-2.2900481150419113e-07,0.07579224313952346
2025-04-11,78.62999725341797,89.12999725341797,76.1500015258789,85.43000030517578,99571100,12.979995727539062,0.5704031871404058,6.82929389326603e-08,0.08867299661725524
2025-04-18,86.31999969482422,86.7699966430664,79.88999938964844,81.5,38837400,6.879997253417969,-0.6099530887978539,-1.2410716718483263e-07,0.08774769381482703
2025-04-25,80.36000061035156,85.73999786376953,78.12999725341797,83.80999755859375,42716100,7.6100006103515625,0.09987022818211311,8.076572880581765e-08,0.09210181911601778
2025-05-02,84.33000183105469,85.06999969482422,75.5,84.69000244140625,96584900,9.569999694824219,1.2610889102703666,3.727297024188693e-09,0.03827998123076701
2025-05-09,84.0,84.08000183105469,80.19999694824219,80.30000305175781,49266700,3.8800048828125,-0.4899130195299679,-7.510137574146812e-08,0.040194183101957846
2025-05-16,83.6500015258789,87.77999877929688,83.63999938964844,85.56999969482422,68348100,4.1399993896484375,0.38730826298493715,2.809146368290139e-08,0.0490410984872953
2025-05-23,84.44999694824219,86.1500015258789,82.51000213623047,84.4000015258789,45282700,3.6399993896484375,-0.33746951268579517,-1.104073351705646e-09,0.04920410821677511
2025-05-30,85.43000030517578,87.5999984741211,83.19000244140625,83.94999694824219,40953600,4.409996032714844,-0.09560163152815537,-3.613854110343398e-08,0.04899902855027412
2025-06-06,83.27999877929688,89.88999938964844,83.19000244140625,89.63999938964844,42536500,6.6999969482421875,0.03865105875918107,1.495186630388387e-07,0.04413789680470889
2025-06-13,89.08000183105469,95.91000366210938,89.08000183105469,93.26000213623047,44147100,6.8300018310546875,0.03786395213522509,9.468346290414957e-08,0.03852655981314451
2025-06-20,93.9800033569336,94.43000030517578,90.79000091552734,93.12000274658203,28570300,3.6399993896484375,-0.3528385782984613,-3.0101210360113914e-08,0.03506445258916714
2025-06-27,93.19999694824219,93.83999633789062,90.30999755859375,92.11000061035156,53899700,3.529998779296875,0.8865640192787616,-2.0222679122344372e-08,0.03674028177832002
2025-07-04,92.41999816894531,95.86000061035156,91.08000183105469,94.44000244140625,31411300,4.779998779296875,-0.41722681202307244,6.430820349558718e-08,0.02366110490231849
2025-07-11,94.16000366210938,97.88999938964844,92.97000122070312,94.94000244140625,33872700,4.9199981689453125,0.07836033529334974,2.3027357703899453e-08,0.015325418722589893
2025-07-18,93.68000030517578,94.45999908447266,90.56999969482422,93.80000305175781,35514900,3.8899993896484375,0.0484815205165221,3.3789408553038653e-09,0.017462061850489957
2025-07-25,94.30000305175781,98.18000030517578,92.30999755859375,94.41999816894531,43606700,5.870002746582031,0.22784239854258348,2.7517587248633812e-09,0.015243767772474963
2025-08-01,94.93000030517578,98.88999938964844,85.48999786376953,86.86000061035156,108838600,13.400001525878906,1.4959146186251195,-7.414648566615354e-08,0.040905953648063924
2025-08-08,87.08000183105469,92.20999908447266,86.94000244140625,92.12000274658203,45291000,5.269996643066406,-0.5838700608056333,1.1128040704615363e-07,0.05805396907223664
2025-08-15,92.04000091552734,94.8499984741211,90.37000274658203,90.5999984741211,43530300,4.4799957275390625,-0.0388752732330927,-3.3080462147199765e-08,0.058246224554731545
2025-08-22,90.30999755859375,93.58000183105469,88.11000061035156,88.37999725341797,33300700,5.470001220703125,-0.23499952906366373,-5.795674881236074e-08,0.057836574206607504
2025-08-29,88.22000122070312,88.56999969482422,85.56999969482422,88.19000244140625,42227400,3.0,0.26806343410198585,-7.104102856646396e-10,0.03859511498498411
2025-09-05,87.83999633789062,89.98999786376953,85.05999755859375,85.43000030517578,36513600,4.930000305175781,-0.13531024879580555,-6.600269578225219e-08,0.012530748282042635
2025-09-12,85.5,85.5,81.19999694824219,81.9000015258789,48000300,4.3000030517578125,0.3145868936505849,-7.499949946398447e-08,0.016615678328875703
2025-09-19,82.08000183105469,85.22000122070312,81.9800033569336,84.55999755859375,49042000,3.2399978637695312,0.021701947696160184,5.0568813008014815e-08,0.03316241263807953
2025-09-26,84.2300033569336,86.18000030517578,82.88999938964844,83.38999938964844,41937200,3.2900009155273438,-0.14487174258798585,-2.003004414422413e-08,0.03268443330604229
2025-10-03,83.6500015258789,87.26000213623047,83.55000305175781,86.41999816894531,44048200,3.7099990844726562,0.050337170817317256,6.288558086519782e-08,0.03753796767648802
2025-10-10,86.29000091552734,86.29000091552734,78.41000366210938,78.45999908447266,57670000,7.879997253417969,0.3092475969506132,-1.3577253045005528e-07,0.05973781598199031
2025-10-17,78.8499984741211,85.94000244140625,78.51000213623047,85.36000061035156,46736300,7.430000305175781,-0.18959077509970523,1.3929220191222816e-07,0.076693245996063
2025-10-24,85.69000244140625,86.83999633789062,83.6500015258789,86.08999633789062,31638600,3.1899948120117188,-0.3230401208482486,1.2642591533265536e-08,0.07571155177354581
2025-10-31,86.27999877929688,87.54000091552734,80.22000122070312,80.87000274658203,64527400,7.319999694824219,1.0395150227886192,-8.384029160813613e-08,0.07995120438290784
2025-11-07,80.93000030517578,85.94999694824219,77.98999786376953,85.56999969482422,70688600,7.959999084472656,0.09548191930869687,6.563999555300908e-08,0.06494430826546231
2025-11-14,86.05999755859375,89.05999755859375,84.0,84.77999877929688,56001500,5.05999755859375,-0.2077718330819962,-2.2856508830957654e-08,0.049023834344796346
2025-11-21,85.19000244140625,86.8499984741211,82.33999633789062,85.3499984741211,41125700,4.510002136230469,-0.26563217056685984,3.890414818832111e-09,0.0489159711572916
2025-11-28,85.26000213623047,87.29000091552734,82.81999969482422,87.11000061035156,31351300,4.470001220703125,-0.2376713344696868,5.900866867150943e-08,0.028755304729814576
2025-12-05,86.20999908447266,87.87000274658203,84.22000122070312,85.12000274658203,47015900,3.6500015258789062,0.4996475425261473,-2.3183568492587083e-08,0.01890274036213121
2025-12-12,85.12999725341797,85.5,81.97000122070312,83.8499984741211,31112426,3.529998779296875,-0.3382573554903766,-4.114107910764898e-08,0.019897827600958085
